,age,age,gender,gender,ethnicity,ethnicity,region,region,income,income,religion,religion,education,education,vote,vote,brexit,brexit,disabled,disabled,mental_health,mental_health,chatbot_use,chatbot_use
,Frequency,Percentage,Frequency,Percentage,Frequency,Percentage,Frequency,Percentage,Frequency,Percentage,Frequency,Percentage,Frequency,Percentage,Frequency,Percentage,Frequency,Percentage,Frequency,Percentage,Frequency,Percentage,Frequency,Percentage
26_35,949.0,33.20503848845347,,,,,,,,,,,,,,,,,,,,,,
36_45,610.0,21.343596920923723,,,,,,,,,,,,,,,,,,,,,,
18_25,536.0,18.754373687893633,,,,,,,,,,,,,,,,,,,,,,
46_55,415.0,14.520643806857942,,,,,,,,,,,,,,,,,,,,,,
56_65,261.0,9.132260321903429,,,,,,,,,,,,,,,,,,,,,,
66_over,77.0,2.6941917424772566,,,,,,,,,,,,,,,,,,,,,,
missing,10.0,0.34989503149055284,10.0,0.34989503149055284,10.0,0.34989503149055284,10.0,0.34989503149055284,10.0,0.34989503149055284,10.0,0.34989503149055284,10.0,0.34989503149055284,10.0,0.34989503149055284,10.0,0.34989503149055284,10.0,0.34989503149055284,10.0,0.34989503149055284,10.0,0.34989503149055284
male,,,1220.0,42.687193841847446,,,,,,,,,,,,,,,,,,,,
female,,,1195.0,41.812456263121064,,,,,,,,,,,,,,,,,,,,
prefer_not_to_say,,,359.0,12.561231630510846,359.0,12.561231630510846,359.0,12.561231630510846,359.0,12.561231630510846,359.0,12.561231630510846,359.0,12.561231630510846,359.0,12.561231630510846,359.0,12.561231630510846,359.0,12.561231630510846,359.0,12.561231630510846,,
other,,,63.0,2.2043386983904827,,,63.0,2.2043386983904827,,,,,,,62.0,2.1693491952414274,,,,,,,,
non_binary,,,11.0,0.3848845346396081,,,,,,,,,,,,,,,,,,,,
white,,,,,1771.0,61.966410076976906,,,,,,,,,,,,,,,,,,
black,,,,,417.0,14.590622813156054,,,,,,,,,,,,,,,,,,
asian,,,,,179.0,6.263121063680896,,,,,,,,,,,,,,,,,,
mixed,,,,,106.0,3.7088873337998605,,,,,,,,,,,,,,,,,,
other_ethnic,,,,,16.0,0.5598320503848845,,,,,,,,,,,,,,,,,,
london,,,,,,,359.0,12.561231630510846,,,,,,,,,,,,,,,,
south_east,,,,,,,322.0,11.266620013995801,,,,,,,,,,,,,,,,
north_west,,,,,,,310.0,10.846745976207139,,,,,,,,,,,,,,,,
yorkshire,,,,,,,229.0,8.01259622113366,,,,,,,,,,,,,,,,
west_midlands,,,,,,,216.0,7.557732680195942,,,,,,,,,,,,,,,,
scotland,,,,,,,200.0,6.997900629811056,,,,,,,,,,,,,,,,
east_midlands,,,,,,,194.0,6.787963610916725,,,,,,,,,,,,,,,,
south_west,,,,,,,190.0,6.648005598320504,,,,,,,,,,,,,,,,
east_england,,,,,,,177.0,6.193142057382786,,,,,,,,,,,,,,,,
north_east,,,,,,,97.0,3.3939818054583624,,,,,,,,,,,,,,,,
wales,,,,,,,88.0,3.0790762771168647,,,,,,,,,,,,,,,,
northern_ireland,,,,,,,44.0,1.5395381385584324,,,,,,,,,,,,,,,,
50_100,,,,,,,,,773.0,27.046885934219734,,,,,,,,,,,,,,
30_50,,,,,,,,,674.0,23.582925122463262,,,,,,,,,,,,,,
20_30,,,,,,,,,487.0,17.03988803358992,,,,,,,,,,,,,,
10_20,,,,,,,,,256.0,8.957312806158152,,,,,,,,,,,,,,
greater_100,,,,,,,,,176.0,6.158152554233729,,,,,,,,,,,,,,
less_10,,,,,,,,,123.0,4.3037088873338,,,,,,,,,,,,,,
no_religion,,,,,,,,,,,1250.0,43.73687893631911,,,,,,,,,,,,
christian,,,,,,,,,,,1000.0,34.98950314905528,,,,,,,,,,,,
muslim,,,,,,,,,,,143.0,5.003498950314905,,,,,,,,,,,,
other_religion,,,,,,,,,,,32.0,1.119664100769769,,,,,,,,,,,,
hindu,,,,,,,,,,,25.0,0.874737578726382,,,,,,,,,,,,
buddhist,,,,,,,,,,,17.0,0.5948215535339398,,,,,,,,,,,,
sikh,,,,,,,,,,,13.0,0.45486354093771875,,,,,,,,,,,,
jewish,,,,,,,,,,,9.0,0.31490552834149754,,,,,,,,,,,,
undergraduate,,,,,,,,,,,,,1040.0,36.3890832750175,,,,,,,,,,
graduate,,,,,,,,,,,,,599.0,20.958712386284116,,,,,,,,,,
a_levels,,,,,,,,,,,,,465.0,16.270118964310708,,,,,,,,,,
GCSE,,,,,,,,,,,,,258.0,9.027291812456264,,,,,,,,,,
other_quals,,,,,,,,,,,,,78.0,2.729181245626312,,,,,,,,,,
currently_studying,,,,,,,,,,,,,34.0,1.1896431070678797,,,,,,,,,,
no_quals,,,,,,,,,,,,,15.0,0.5248425472358292,,,,,,,,,,
labour,,,,,,,,,,,,,,,907.0,31.735479356193142,,,,,,,,
conservative,,,,,,,,,,,,,,,383.0,13.400979706088172,,,,,,,,
dont_know,,,,,,,,,,,,,,,316.0,11.056682995101468,,,,,316.0,11.056682995101468,,
reform_UK,,,,,,,,,,,,,,,280.0,9.79706088173548,,,,,,,,
liberal,,,,,,,,,,,,,,,252.0,8.81735479356193,,,,,,,,
green,,,,,,,,,,,,,,,199.0,6.962911126662001,,,,,,,,
SNP,,,,,,,,,,,,,,,59.0,2.0643806857942617,,,,,,,,
unionist,,,,,,,,,,,,,,,15.0,0.5248425472358292,,,,,,,,
sinn_fein,,,,,,,,,,,,,,,8.0,0.27991602519244224,,,,,,,,
plaid_cymru,,,,,,,,,,,,,,,8.0,0.27991602519244224,,,,,,,,
remain,,,,,,,,,,,,,,,,,1069.0,37.4037788663401,,,,,,
leave,,,,,,,,,,,,,,,,,564.0,19.73407977606718,,,,,,
did_not_vote,,,,,,,,,,,,,,,,,446.0,15.605318404478657,,,,,,
not_eligible,,,,,,,,,,,,,,,,,410.0,14.345696291112667,,,,,,
no,,,,,,,,,,,,,,,,,,,2201.0,77.01189643107068,1923.0,67.2848145556333,,
yes_minor,,,,,,,,,,,,,,,,,,,173.0,6.053184044786564,,,,
yes_not_registered,,,,,,,,,,,,,,,,,,,68.0,2.3792862141357594,,,,
yes_disabled,,,,,,,,,,,,,,,,,,,47.0,1.6445066480055983,,,,
yes,,,,,,,,,,,,,,,,,,,,,250.0,8.74737578726382,,
not_regularly,,,,,,,,,,,,,,,,,,,,,,,1392.0,48.70538838348495
every_week,,,,,,,,,,,,,,,,,,,,,,,837.0,29.28621413575927
every_day,,,,,,,,,,,,,,,,,,,,,,,454.0,15.8852344296711
never,,,,,,,,,,,,,,,,,,,,,,,165.0,5.773268019594122
